Ticker,ROC,Earnings Yield,P/E Ratio,Ranking
NVDA,81.14349519010537,62030641278.17904,45.944199072184695,4.0
AAPL,68.72062393471413,40538070138.02139,42.763644476386034,10.0
GOOG,32.396007601474814,47057331603.1615,14.17942921994401,19.5
GOOGL,32.396007601474814,46590165849.10067,15.203022735561776,20.5
MSFT,28.663338710306657,33126519250.372463,28.32110345399906,28.0
NFLX,30.256058227280164,16328852062.416836,31.34747219497394,31.0
PM,35.34667946432653,8307998066.2835045,25.569885789445713,39.0
META,26.8664497123556,14262297766.424316,22.2737748168335,40.0
PG,24.199847427328724,14466376259.188675,21.26679646510283,40.0
KO,21.1312623451248,19876140074.315956,29.153078375740442,42.0
JNJ,23.125913264040143,12050425600.68958,25.03313185952507,45.0
QCOM,32.50567087002122,7905914456.902178,32.49286343504602,46.0
MRK,20.6598549830015,14719705920.966259,20.58994890615317,47.0
BKNG,67.23698869966577,4329933890.227028,27.131176344374534,48.0
WMT,18.2100350453445,29762036524.626453,39.41053953250354,49.0
TJX,32.9063643666875,5577577729.0264015,26.466248839386605,50.0
AMZN,16.596476550612714,38464658169.17729,35.95437857333333,51.0
HD,28.916624238004157,6606721790.800767,22.41700616995055,54.0
MA,61.47475712693103,3295146062.0443563,34.022837172411144,55.0
NEM,22.507732109163765,8871425285.593805,19.397753409531404,55.0
KLAC,43.1635832142317,3406016537.527467,46.77394160311469,56.0
BMY,16.840035424265622,16476721985.607285,19.71766953884888,56.0
WDC,104.66687454526557,2280499128.111058,17.12239886449559,58.0
LRCX,47.857665888645464,2876838994.054534,50.40490619644133,60.0
IBKR,19.559210669451517,9671866594.943518,42.798352453709356,60.0
GILD,22.918873120101672,7155138209.231584,22.03360969907168,61.0
LLY,38.44241922120961,2560883063.125216,50.0999677518217,65.0
APH,20.277501265538948,7272450347.264531,47.392900880963865,65.0
MCD,22.625738840337963,4806455340.291954,21.45567799760948,68.0
T,9.227439700014738,129098892707.1401,8.174918242313124,69.0
AMAT,33.71024734982332,2188525154.274965,49.433704112336386,70.0
CSCO,14.551686977656,11686769174.109198,42.06329668728193,70.0
XOM,11.116686579052171,25812835213.611984,23.12415889029261,70.0
VZ,8.589362598277798,58047044870.52777,12.238853934388029,74.0
ORCL,10.978885883770086,15679693586.081537,25.967563225844206,75.0
AVGO,17.000484997837173,7262571396.572964,73.47649154707602,76.0
COP,12.630152682168285,10233569112.879457,20.41130729217326,77.0
PEP,15.227440209017217,8116697614.626481,23.212053398058256,78.0
SNDK,77.33664185277088,841806056.6305892,19.91429041939911,80.0
ANET,27.402448817163037,2014260342.6661096,68.76141898192174,81.0
ABT,12.759018471310366,8235131905.506021,28.854751497829554,82.0
PFE,5.953521521708651,35373134328.35821,21.130819212339468,85.0
UBER,12.61064629562265,8214849921.011059,15.43348918642793,85.0
DELL,23.208038509088038,1708592342.9965723,28.276762432323114,86.0
STX,58.05697589481373,497614605.37684226,56.84691536431533,89.0
TXN,19.89753707121492,2463459795.9264073,46.35266149517697,90.0
UNP,16.194112918186878,3622687186.58136,24.06513452601569,91.0
DIS,8.457196728537147,12891937290.033596,14.91710483862625,91.0
COST,27.436173138956267,1185636636.7339883,50.67288801205581,93.0
AMGN,18.020799729634238,2641403224.3537784,31.13804773188951,93.0
TMUS,9.271478969071106,9602701840.229761,18.348227499659753,93.0
CVX,7.212043010752687,9918606852.16733,33.70404129292463,97.0
IBM,10.83093391743654,5224745430.531294,20.87495163569338,101.0
CAT,19.415738307511248,1505111605.469043,41.40075030216794,102.0
NEE,4.792948015839582,10827980014.275517,25.654327468696415,104.0
RTX,9.41092657731867,5228318408.944738,40.466778616565655,105.0
ABBV,10.46641153180179,3647054302.294301,108.80775880971366,106.0
MRVL,17.042927279593805,1555906718.383374,68.58491614276245,106.0
UNH,9.604795463417641,4663790093.28079,29.850835928681157,106.0
CRM,11.859762990942583,3372158983.4738874,29.184107549953065,106.0
GE,11.890818967407993,3251469353.4844666,39.75256742132813,107.0
VRTX,21.37793938058379,834558032.8338948,35.77381795887889,107.0
LMT,19.28502944802082,1320949432.4045408,24.516629820879015,108.0
NOW,14.645719781981404,1568789065.1830482,86.10982184210528,112.0
LIN,13.070553903293819,1941350919.7619195,32.223836589876775,112.0
PH,20.031475727371777,514660141.83220667,33.32656381575658,114.0
PLTR,18.304849141292905,774675395.8253437,258.4250313331299,117.0
ETN,16.22596530849095,1302628928.2836423,37.73951749449474,117.0
CVS,3.187823787049731,5406378600.823045,70.3144343138009,121.0
DE,12.81869977291579,1357555334.7446034,37.24499350445991,122.0
MU,14.200213052253869,1057339066.5442098,126.72904808082444,124.0
BA,8.992015968063873,2568049023.7993445,74.44330778979865,124.0
SPGI,12.161380057128989,1445692218.9178393,29.709457392082307,124.0
PLD,4.936918960041742,3427231658.836285,39.504055462556536,126.0
GLW,9.420861606438377,1635616438.3561645,78.7986819085213,128.0
INTC,1.4723053143104963,2888622231.9188395,-1814.8961399533334,135.0
DHR,5.867696361715173,2131450504.6675828,41.049016872058665,137.0
TMO,9.171448388927422,1411154051.3881927,34.108414988213,138.0
TSLA,5.293518832711232,1492168506.6358454,391.79530968445175,146.0
PANW,10.24877792176133,481291799.7228415,238.5846194549784,146.0
AMD,6.330127017533458,936294282.7078217,171.7808108785975,150.0
ADI,6.771032753523477,849881626.9284712,76.18947131597263,150.0
GEV,6.3010342950462706,147477278.51864433,51.36028254075348,160.0
BLK,4.893080863911374,731074901.2120943,31.40753034807312,161.0
WELL,0.26269963980828076,71304744.52554744,185.45685069816247,170.0
CRWD,-1.433801009838186,-46038051.82118435,-1354.5388548124947,172.0
